{"cameraMode":{"drawMode":0,"name":"Shaded","section":"Shading Mode"},"sceneLighting":true,"audioPlay":false,"sceneViewState":{"showFog":true,"showMaterialUpdate":false,"showSkybox":true,"showFlares":true,"showImageEffects":true,"showParticleSystems":true,"showVisualEffectGraphs":true,"m_FxEnabled":true},"in2DMode":false,"pivot":{"x":0.9900732040405273,"y":0.08947491645812988,"z":-2.045377254486084},"rotation":{"x":0.0790126845240593,"y":0.8630751371383667,"z":-0.14265833795070649,"w":0.47802168130874636},"size":4.442384719848633,"orthographic":false}